algoritmo,versao,dataset,tamanho,threads,amostra,tempo_ms,speedup,eficiencia,obs
Insertion,serial,random,10000,1,1,10.402,,,
Insertion,serial,random,10000,1,2,11.935,,,
Insertion,serial,random,10000,1,3,10.474,,,
Insertion,serial,random,10000,1,4,12.896,,,
Insertion,serial,random,10000,1,5,10.534,,,
Insertion,serial-summary,random,10000,1,0,10.534,,,median
Insertion,parallel,random,10000,2,1,5.019,2.099,1.049,
Insertion,parallel,random,10000,2,2,4.734,2.225,1.113,
Insertion,parallel,random,10000,2,3,5.426,1.941,0.971,
Insertion,parallel,random,10000,2,4,5.019,2.099,1.049,
Insertion,parallel,random,10000,2,5,4.253,2.477,1.238,
Insertion,parallel,random,10000,4,1,3.487,3.021,0.755,
Insertion,parallel,random,10000,4,2,3.290,3.202,0.800,
Insertion,parallel,random,10000,4,3,3.220,3.271,0.818,
Insertion,parallel,random,10000,4,4,3.037,3.468,0.867,
Insertion,parallel,random,10000,4,5,3.094,3.405,0.851,
Insertion,parallel,random,10000,8,1,2.500,4.214,0.527,
Insertion,parallel,random,10000,8,2,2.318,4.545,0.568,
Insertion,parallel,random,10000,8,3,2.671,3.944,0.493,
Insertion,parallel,random,10000,8,4,2.504,4.207,0.526,
Insertion,parallel,random,10000,8,5,2.364,4.457,0.557,
Insertion,serial,random,50000,1,1,261.191,,,
Insertion,serial,random,50000,1,2,270.979,,,
Insertion,serial,random,50000,1,3,255.393,,,
Insertion,serial,random,50000,1,4,267.695,,,
Insertion,serial,random,50000,1,5,264.190,,,
Insertion,serial-summary,random,50000,1,0,264.190,,,median
Insertion,parallel,random,50000,2,1,83.604,3.160,1.580,
Insertion,parallel,random,50000,2,2,81.724,3.233,1.616,
Insertion,parallel,random,50000,2,3,91.266,2.895,1.447,
Insertion,parallel,random,50000,2,4,114.793,2.301,1.151,
Insertion,parallel,random,50000,2,5,86.093,3.069,1.534,
Insertion,parallel,random,50000,4,1,37.013,7.138,1.784,
Insertion,parallel,random,50000,4,2,38.491,6.864,1.716,
Insertion,parallel,random,50000,4,3,37.638,7.019,1.755,
Insertion,parallel,random,50000,4,4,32.991,8.008,2.002,
Insertion,parallel,random,50000,4,5,35.313,7.481,1.870,
Insertion,parallel,random,50000,8,1,14.397,18.350,2.294,
Insertion,parallel,random,50000,8,2,12.990,20.338,2.542,
Insertion,parallel,random,50000,8,3,12.961,20.384,2.548,
Insertion,parallel,random,50000,8,4,13.503,19.565,2.446,
Insertion,parallel,random,50000,8,5,13.240,19.955,2.494,
Insertion,serial,random,100000,1,1,1565.965,,,
Insertion,serial,random,100000,1,2,776.307,,,
Insertion,serial,random,100000,1,3,778.558,,,
Insertion,serial,random,100000,1,4,789.545,,,
Insertion,serial,random,100000,1,5,779.429,,,
Insertion,serial-summary,random,100000,1,0,779.429,,,median
Insertion,parallel,random,100000,2,1,275.820,2.826,1.413,
Insertion,parallel,random,100000,2,2,326.346,2.388,1.194,
Insertion,parallel,random,100000,2,3,287.514,2.711,1.355,
Insertion,parallel,random,100000,2,4,278.479,2.799,1.399,
Insertion,parallel,random,100000,2,5,281.032,2.773,1.387,
Insertion,parallel,random,100000,4,1,74.098,10.519,2.630,
Insertion,parallel,random,100000,4,2,61.792,12.614,3.153,
Insertion,parallel,random,100000,4,3,95.091,8.197,2.049,
Insertion,parallel,random,100000,4,4,88.283,8.829,2.207,
Insertion,parallel,random,100000,4,5,84.122,9.265,2.316,
Insertion,parallel,random,100000,8,1,32.241,24.175,3.022,
Insertion,parallel,random,100000,8,2,33.379,23.351,2.919,
Insertion,parallel,random,100000,8,3,35.305,22.077,2.760,
Insertion,parallel,random,100000,8,4,32.249,24.169,3.021,
Insertion,parallel,random,100000,8,5,31.891,24.441,3.055,
Insertion,serial,reversed,10000,1,1,14.670,,,
Insertion,serial,reversed,10000,1,2,14.972,,,
Insertion,serial,reversed,10000,1,3,15.140,,,
Insertion,serial,reversed,10000,1,4,19.313,,,
Insertion,serial,reversed,10000,1,5,15.073,,,
Insertion,serial-summary,reversed,10000,1,0,15.073,,,median
Insertion,parallel,reversed,10000,2,1,7.565,1.993,0.996,
Insertion,parallel,reversed,10000,2,2,6.384,2.361,1.181,
Insertion,parallel,reversed,10000,2,3,6.337,2.379,1.189,
Insertion,parallel,reversed,10000,2,4,6.747,2.234,1.117,
Insertion,parallel,reversed,10000,2,5,6.072,2.482,1.241,
Insertion,parallel,reversed,10000,4,1,3.525,4.276,1.069,
Insertion,parallel,reversed,10000,4,2,3.691,4.084,1.021,
Insertion,parallel,reversed,10000,4,3,3.804,3.962,0.991,
Insertion,parallel,reversed,10000,4,4,3.928,3.837,0.959,
Insertion,parallel,reversed,10000,4,5,3.420,4.407,1.102,
Insertion,parallel,reversed,10000,8,1,3.051,4.941,0.618,
Insertion,parallel,reversed,10000,8,2,3.659,4.120,0.515,
Insertion,parallel,reversed,10000,8,3,2.791,5.401,0.675,
Insertion,parallel,reversed,10000,8,4,3.406,4.426,0.553,
Insertion,parallel,reversed,10000,8,5,2.201,6.848,0.856,
Insertion,serial,reversed,50000,1,1,395.076,,,
Insertion,serial,reversed,50000,1,2,387.336,,,
Insertion,serial,reversed,50000,1,3,386.898,,,
Insertion,serial,reversed,50000,1,4,385.217,,,
Insertion,serial,reversed,50000,1,5,391.339,,,
Insertion,serial-summary,reversed,50000,1,0,387.336,,,median
Insertion,parallel,reversed,50000,2,1,125.350,3.090,1.545,
Insertion,parallel,reversed,50000,2,2,139.453,2.778,1.389,
Insertion,parallel,reversed,50000,2,3,98.048,3.950,1.975,
Insertion,parallel,reversed,50000,2,4,104.734,3.698,1.849,
Insertion,parallel,reversed,50000,2,5,126.377,3.065,1.532,
Insertion,parallel,reversed,50000,4,1,42.239,9.170,2.293,
Insertion,parallel,reversed,50000,4,2,43.121,8.982,2.246,
Insertion,parallel,reversed,50000,4,3,42.554,9.102,2.276,
Insertion,parallel,reversed,50000,4,4,43.603,8.883,2.221,
Insertion,parallel,reversed,50000,4,5,37.911,10.217,2.554,
Insertion,parallel,reversed,50000,8,1,15.124,25.610,3.201,
Insertion,parallel,reversed,50000,8,2,13.841,27.985,3.498,
Insertion,parallel,reversed,50000,8,3,14.336,27.018,3.377,
Insertion,parallel,reversed,50000,8,4,14.064,27.541,3.443,
Insertion,parallel,reversed,50000,8,5,13.839,27.988,3.498,
Insertion,serial,reversed,100000,1,1,1570.904,,,
Insertion,serial,reversed,100000,1,2,1555.188,,,
Insertion,serial,reversed,100000,1,3,1568.465,,,
Insertion,serial,reversed,100000,1,4,1602.574,,,
Insertion,serial,reversed,100000,1,5,1584.620,,,
Insertion,serial-summary,reversed,100000,1,0,1570.904,,,median
Insertion,parallel,reversed,100000,2,1,461.125,3.407,1.703,
Insertion,parallel,reversed,100000,2,2,463.222,3.391,1.696,
Insertion,parallel,reversed,100000,2,3,450.055,3.490,1.745,
Insertion,parallel,reversed,100000,2,4,436.469,3.599,1.800,
Insertion,parallel,reversed,100000,2,5,466.348,3.369,1.684,
Insertion,parallel,reversed,100000,4,1,144.587,10.865,2.716,
Insertion,parallel,reversed,100000,4,2,149.867,10.482,2.620,
Insertion,parallel,reversed,100000,4,3,147.096,10.679,2.670,
Insertion,parallel,reversed,100000,4,4,158.776,9.894,2.473,
Insertion,parallel,reversed,100000,4,5,149.123,10.534,2.634,
Insertion,parallel,reversed,100000,8,1,44.565,35.250,4.406,
Insertion,parallel,reversed,100000,8,2,43.133,36.420,4.553,
Insertion,parallel,reversed,100000,8,3,48.298,32.525,4.066,
Insertion,parallel,reversed,100000,8,4,47.926,32.777,4.097,
Insertion,parallel,reversed,100000,8,5,43.889,35.793,4.474,
Insertion,serial,nearly,10000,1,1,0.220,,,
Insertion,serial,nearly,10000,1,2,0.210,,,
Insertion,serial,nearly,10000,1,3,0.214,,,
Insertion,serial,nearly,10000,1,4,0.210,,,
Insertion,serial,nearly,10000,1,5,0.236,,,
Insertion,serial-summary,nearly,10000,1,0,0.214,,,median
Insertion,parallel,nearly,10000,2,1,0.642,0.333,0.167,
Insertion,parallel,nearly,10000,2,2,0.636,0.336,0.168,
Insertion,parallel,nearly,10000,2,3,0.623,0.343,0.172,
Insertion,parallel,nearly,10000,2,4,0.661,0.324,0.162,
Insertion,parallel,nearly,10000,2,5,0.647,0.330,0.165,
Insertion,parallel,nearly,10000,4,1,0.651,0.328,0.082,
Insertion,parallel,nearly,10000,4,2,0.659,0.325,0.081,
Insertion,parallel,nearly,10000,4,3,0.660,0.324,0.081,
Insertion,parallel,nearly,10000,4,4,0.645,0.331,0.083,
Insertion,parallel,nearly,10000,4,5,0.627,0.341,0.085,
Insertion,parallel,nearly,10000,8,1,0.723,0.296,0.037,
Insertion,parallel,nearly,10000,8,2,0.706,0.303,0.038,
Insertion,parallel,nearly,10000,8,3,0.624,0.343,0.043,
Insertion,parallel,nearly,10000,8,4,0.913,0.234,0.029,
Insertion,parallel,nearly,10000,8,5,0.784,0.273,0.034,
Insertion,serial,nearly,50000,1,1,5.087,,,
Insertion,serial,nearly,50000,1,2,4.940,,,
Insertion,serial,nearly,50000,1,3,5.007,,,
Insertion,serial,nearly,50000,1,4,4.617,,,
Insertion,serial,nearly,50000,1,5,5.087,,,
Insertion,serial-summary,nearly,50000,1,0,5.007,,,median
Insertion,parallel,nearly,50000,2,1,3.736,1.340,0.670,
Insertion,parallel,nearly,50000,2,2,3.076,1.628,0.814,
Insertion,parallel,nearly,50000,2,3,2.704,1.852,0.926,
Insertion,parallel,nearly,50000,2,4,3.778,1.325,0.663,
Insertion,parallel,nearly,50000,2,5,3.369,1.486,0.743,
Insertion,parallel,nearly,50000,4,1,1.867,2.681,0.670,
Insertion,parallel,nearly,50000,4,2,2.209,2.267,0.567,
Insertion,parallel,nearly,50000,4,3,2.483,2.016,0.504,
Insertion,parallel,nearly,50000,4,4,1.747,2.867,0.717,
Insertion,parallel,nearly,50000,4,5,2.250,2.225,0.556,
Insertion,parallel,nearly,50000,8,1,1.718,2.915,0.364,
Insertion,parallel,nearly,50000,8,2,1.649,3.036,0.380,
Insertion,parallel,nearly,50000,8,3,1.439,3.480,0.435,
Insertion,parallel,nearly,50000,8,4,1.709,2.929,0.366,
Insertion,parallel,nearly,50000,8,5,1.565,3.199,0.400,
Insertion,serial,nearly,100000,1,1,19.315,,,
Insertion,serial,nearly,100000,1,2,19.960,,,
Insertion,serial,nearly,100000,1,3,19.355,,,
Insertion,serial,nearly,100000,1,4,19.265,,,
Insertion,serial,nearly,100000,1,5,19.087,,,
Insertion,serial-summary,nearly,100000,1,0,19.315,,,median
Insertion,parallel,nearly,100000,2,1,10.034,1.925,0.962,
Insertion,parallel,nearly,100000,2,2,9.020,2.141,1.071,
Insertion,parallel,nearly,100000,2,3,9.125,2.117,1.058,
Insertion,parallel,nearly,100000,2,4,8.909,2.168,1.084,
Insertion,parallel,nearly,100000,2,5,12.233,1.579,0.789,
Insertion,parallel,nearly,100000,4,1,6.346,3.044,0.761,
Insertion,parallel,nearly,100000,4,2,5.667,3.408,0.852,
Insertion,parallel,nearly,100000,4,3,5.295,3.648,0.912,
Insertion,parallel,nearly,100000,4,4,5.683,3.399,0.850,
Insertion,parallel,nearly,100000,4,5,5.316,3.634,0.908,
Insertion,parallel,nearly,100000,8,1,4.573,4.224,0.528,
Insertion,parallel,nearly,100000,8,2,3.417,5.652,0.707,
Insertion,parallel,nearly,100000,8,3,3.297,5.858,0.732,
Insertion,parallel,nearly,100000,8,4,3.179,6.075,0.759,
Insertion,parallel,nearly,100000,8,5,3.049,6.335,0.792,
Insertion,serial,dupes,10000,1,1,6.582,,,
Insertion,serial,dupes,10000,1,2,7.053,,,
Insertion,serial,dupes,10000,1,3,6.506,,,
Insertion,serial,dupes,10000,1,4,6.624,,,
Insertion,serial,dupes,10000,1,5,6.614,,,
Insertion,serial-summary,dupes,10000,1,0,6.614,,,median
Insertion,parallel,dupes,10000,2,1,3.321,1.992,0.996,
Insertion,parallel,dupes,10000,2,2,3.552,1.862,0.931,
Insertion,parallel,dupes,10000,2,3,2.875,2.301,1.151,
Insertion,parallel,dupes,10000,2,4,2.836,2.332,1.166,
Insertion,parallel,dupes,10000,2,5,3.489,1.896,0.948,
Insertion,parallel,dupes,10000,4,1,1.806,3.662,0.916,
Insertion,parallel,dupes,10000,4,2,1.592,4.155,1.039,
Insertion,parallel,dupes,10000,4,3,1.846,3.583,0.896,
Insertion,parallel,dupes,10000,4,4,2.146,3.082,0.771,
Insertion,parallel,dupes,10000,4,5,1.858,3.560,0.890,
Insertion,parallel,dupes,10000,8,1,1.388,4.766,0.596,
Insertion,parallel,dupes,10000,8,2,1.491,4.435,0.554,
Insertion,parallel,dupes,10000,8,3,1.289,5.130,0.641,
Insertion,parallel,dupes,10000,8,4,1.364,4.850,0.606,
Insertion,parallel,dupes,10000,8,5,1.347,4.911,0.614,
Insertion,serial,dupes,50000,1,1,172.433,,,
Insertion,serial,dupes,50000,1,2,173.875,,,
Insertion,serial,dupes,50000,1,3,174.018,,,
Insertion,serial,dupes,50000,1,4,176.424,,,
Insertion,serial,dupes,50000,1,5,174.103,,,
Insertion,serial-summary,dupes,50000,1,0,174.018,,,median
Insertion,parallel,dupes,50000,2,1,80.549,2.160,1.080,
Insertion,parallel,dupes,50000,2,2,55.977,3.109,1.554,
Insertion,parallel,dupes,50000,2,3,53.692,3.241,1.621,
Insertion,parallel,dupes,50000,2,4,54.139,3.214,1.607,
Insertion,parallel,dupes,50000,2,5,72.826,2.390,1.195,
Insertion,parallel,dupes,50000,4,1,24.561,7.085,1.771,
Insertion,parallel,dupes,50000,4,2,21.941,7.931,1.983,
Insertion,parallel,dupes,50000,4,3,27.822,6.255,1.564,
Insertion,parallel,dupes,50000,4,4,19.831,8.775,2.194,
Insertion,parallel,dupes,50000,4,5,23.026,7.557,1.889,
Insertion,parallel,dupes,50000,8,1,9.954,17.482,2.185,
Insertion,parallel,dupes,50000,8,2,10.481,16.603,2.075,
Insertion,parallel,dupes,50000,8,3,7.942,21.912,2.739,
Insertion,parallel,dupes,50000,8,4,9.535,18.251,2.281,
Insertion,parallel,dupes,50000,8,5,8.399,20.719,2.590,
Insertion,serial,dupes,100000,1,1,694.748,,,
Insertion,serial,dupes,100000,1,2,697.793,,,
Insertion,serial,dupes,100000,1,3,707.126,,,
Insertion,serial,dupes,100000,1,4,719.073,,,
Insertion,serial,dupes,100000,1,5,702.088,,,
Insertion,serial-summary,dupes,100000,1,0,702.088,,,median
Insertion,parallel,dupes,100000,2,1,228.669,3.070,1.535,
Insertion,parallel,dupes,100000,2,2,226.731,3.097,1.548,
Insertion,parallel,dupes,100000,2,3,232.793,3.016,1.508,
Insertion,parallel,dupes,100000,2,4,331.811,2.116,1.058,
Insertion,parallel,dupes,100000,2,5,275.428,2.549,1.275,
Insertion,parallel,dupes,100000,4,1,79.903,8.787,2.197,
Insertion,parallel,dupes,100000,4,2,83.345,8.424,2.106,
Insertion,parallel,dupes,100000,4,3,82.356,8.525,2.131,
Insertion,parallel,dupes,100000,4,4,87.472,8.026,2.007,
Insertion,parallel,dupes,100000,4,5,86.767,8.092,2.023,
Insertion,parallel,dupes,100000,8,1,29.793,23.566,2.946,
Insertion,parallel,dupes,100000,8,2,29.994,23.408,2.926,
Insertion,parallel,dupes,100000,8,3,27.494,25.536,3.192,
Insertion,parallel,dupes,100000,8,4,27.062,25.943,3.243,
Insertion,parallel,dupes,100000,8,5,28.510,24.626,3.078,
Counting,serial,random,10000,1,1,0.438,,,
Counting,serial,random,10000,1,2,0.444,,,
Counting,serial,random,10000,1,3,0.458,,,
Counting,serial,random,10000,1,4,0.458,,,
Counting,serial,random,10000,1,5,0.658,,,
Counting,serial-summary,random,10000,1,0,0.458,,,median
Counting,parallel,random,10000,2,1,7.676,0.060,0.030,
Counting,parallel,random,10000,2,2,7.705,0.059,0.030,
Counting,parallel,random,10000,2,3,8.482,0.054,0.027,
Counting,parallel,random,10000,2,4,7.332,0.062,0.031,
Counting,parallel,random,10000,2,5,7.770,0.059,0.029,
Counting,parallel,random,10000,4,1,1.757,0.260,0.065,
Counting,parallel,random,10000,4,2,1.752,0.261,0.065,
Counting,parallel,random,10000,4,3,1.726,0.265,0.066,
Counting,parallel,random,10000,4,4,2.045,0.224,0.056,
Counting,parallel,random,10000,4,5,1.681,0.272,0.068,
Counting,parallel,random,10000,8,1,1.799,0.254,0.032,
Counting,parallel,random,10000,8,2,1.877,0.244,0.030,
Counting,parallel,random,10000,8,3,1.855,0.247,0.031,
Counting,parallel,random,10000,8,4,2.524,0.181,0.023,
Counting,parallel,random,10000,8,5,2.169,0.211,0.026,
Counting,serial,random,50000,1,1,1.476,,,
Counting,serial,random,50000,1,2,1.279,,,
Counting,serial,random,50000,1,3,1.165,,,
Counting,serial,random,50000,1,4,1.278,,,
Counting,serial,random,50000,1,5,1.216,,,
Counting,serial-summary,random,50000,1,0,1.278,,,median
Counting,parallel,random,50000,2,1,3.663,0.349,0.174,
Counting,parallel,random,50000,2,2,11.162,0.114,0.057,
Counting,parallel,random,50000,2,3,3.759,0.340,0.170,
Counting,parallel,random,50000,2,4,3.509,0.364,0.182,
Counting,parallel,random,50000,2,5,3.463,0.369,0.184,
Counting,parallel,random,50000,4,1,5.110,0.250,0.063,
Counting,parallel,random,50000,4,2,5.636,0.227,0.057,
Counting,parallel,random,50000,4,3,6.507,0.196,0.049,
Counting,parallel,random,50000,4,4,5.561,0.230,0.057,
Counting,parallel,random,50000,4,5,4.640,0.275,0.069,
Counting,parallel,random,50000,8,1,10.228,0.125,0.016,
Counting,parallel,random,50000,8,2,8.246,0.155,0.019,
Counting,parallel,random,50000,8,3,8.713,0.147,0.018,
Counting,parallel,random,50000,8,4,11.218,0.114,0.014,
Counting,parallel,random,50000,8,5,8.184,0.156,0.020,
Counting,serial,random,100000,1,1,2.505,,,
Counting,serial,random,100000,1,2,2.642,,,
Counting,serial,random,100000,1,3,2.306,,,
Counting,serial,random,100000,1,4,3.977,,,
Counting,serial,random,100000,1,5,2.414,,,
Counting,serial-summary,random,100000,1,0,2.505,,,median
Counting,parallel,random,100000,2,1,6.371,0.393,0.197,
Counting,parallel,random,100000,2,2,8.186,0.306,0.153,
Counting,parallel,random,100000,2,3,6.515,0.385,0.192,
Counting,parallel,random,100000,2,4,6.878,0.364,0.182,
Counting,parallel,random,100000,2,5,6.440,0.389,0.195,
Counting,parallel,random,100000,4,1,9.520,0.263,0.066,
Counting,parallel,random,100000,4,2,9.242,0.271,0.068,
Counting,parallel,random,100000,4,3,9.335,0.268,0.067,
Counting,parallel,random,100000,4,4,10.587,0.237,0.059,
Counting,parallel,random,100000,4,5,9.341,0.268,0.067,
Counting,parallel,random,100000,8,1,18.444,0.136,0.017,
Counting,parallel,random,100000,8,2,18.613,0.135,0.017,
Counting,parallel,random,100000,8,3,19.193,0.131,0.016,
Counting,parallel,random,100000,8,4,19.892,0.126,0.016,
Counting,parallel,random,100000,8,5,15.980,0.157,0.020,
Counting,serial,reversed,10000,1,1,0.025,,,
Counting,serial,reversed,10000,1,2,0.026,,,
Counting,serial,reversed,10000,1,3,0.026,,,
Counting,serial,reversed,10000,1,4,0.036,,,
Counting,serial,reversed,10000,1,5,0.029,,,
Counting,serial-summary,reversed,10000,1,0,0.026,,,median
Counting,parallel,reversed,10000,2,1,0.692,0.038,0.019,
Counting,parallel,reversed,10000,2,2,0.593,0.044,0.022,
Counting,parallel,reversed,10000,2,3,0.419,0.063,0.031,
Counting,parallel,reversed,10000,2,4,0.419,0.063,0.031,
Counting,parallel,reversed,10000,2,5,0.422,0.062,0.031,
Counting,parallel,reversed,10000,4,1,0.659,0.040,0.010,
Counting,parallel,reversed,10000,4,2,0.580,0.045,0.011,
Counting,parallel,reversed,10000,4,3,0.556,0.047,0.012,
Counting,parallel,reversed,10000,4,4,0.674,0.039,0.010,
Counting,parallel,reversed,10000,4,5,0.522,0.050,0.013,
Counting,parallel,reversed,10000,8,1,0.507,0.052,0.006,
Counting,parallel,reversed,10000,8,2,0.537,0.049,0.006,
Counting,parallel,reversed,10000,8,3,0.539,0.049,0.006,
Counting,parallel,reversed,10000,8,4,0.557,0.047,0.006,
Counting,parallel,reversed,10000,8,5,0.647,0.040,0.005,
Counting,serial,reversed,50000,1,1,0.143,,,
Counting,serial,reversed,50000,1,2,0.159,,,
Counting,serial,reversed,50000,1,3,0.156,,,
Counting,serial,reversed,50000,1,4,0.147,,,
Counting,serial,reversed,50000,1,5,0.162,,,
Counting,serial-summary,reversed,50000,1,0,0.156,,,median
Counting,parallel,reversed,50000,2,1,0.901,0.174,0.087,
Counting,parallel,reversed,50000,2,2,1.008,0.155,0.078,
Counting,parallel,reversed,50000,2,3,1.180,0.133,0.066,
Counting,parallel,reversed,50000,2,4,0.992,0.158,0.079,
Counting,parallel,reversed,50000,2,5,0.936,0.167,0.084,
Counting,parallel,reversed,50000,4,1,1.152,0.136,0.034,
Counting,parallel,reversed,50000,4,2,1.088,0.144,0.036,
Counting,parallel,reversed,50000,4,3,1.020,0.153,0.038,
Counting,parallel,reversed,50000,4,4,1.050,0.149,0.037,
Counting,parallel,reversed,50000,4,5,1.097,0.143,0.036,
Counting,parallel,reversed,50000,8,1,1.526,0.103,0.013,
Counting,parallel,reversed,50000,8,2,1.722,0.091,0.011,
Counting,parallel,reversed,50000,8,3,1.508,0.104,0.013,
Counting,parallel,reversed,50000,8,4,1.365,0.115,0.014,
Counting,parallel,reversed,50000,8,5,1.386,0.113,0.014,
Counting,serial,reversed,100000,1,1,0.307,,,
Counting,serial,reversed,100000,1,2,0.307,,,
Counting,serial,reversed,100000,1,3,0.314,,,
Counting,serial,reversed,100000,1,4,0.336,,,
Counting,serial,reversed,100000,1,5,0.415,,,
Counting,serial-summary,reversed,100000,1,0,0.314,,,median
Counting,parallel,reversed,100000,2,1,1.384,0.227,0.114,
Counting,parallel,reversed,100000,2,2,1.707,0.184,0.092,
Counting,parallel,reversed,100000,2,3,1.462,0.215,0.107,
Counting,parallel,reversed,100000,2,4,1.571,0.200,0.100,
Counting,parallel,reversed,100000,2,5,1.420,0.221,0.111,
Counting,parallel,reversed,100000,4,1,1.887,0.166,0.042,
Counting,parallel,reversed,100000,4,2,2.123,0.148,0.037,
Counting,parallel,reversed,100000,4,3,1.732,0.181,0.045,
Counting,parallel,reversed,100000,4,4,1.709,0.184,0.046,
Counting,parallel,reversed,100000,4,5,1.685,0.187,0.047,
Counting,parallel,reversed,100000,8,1,2.323,0.135,0.017,
Counting,parallel,reversed,100000,8,2,2.914,0.108,0.013,
Counting,parallel,reversed,100000,8,3,2.326,0.135,0.017,
Counting,parallel,reversed,100000,8,4,2.609,0.120,0.015,
Counting,parallel,reversed,100000,8,5,3.425,0.092,0.011,
Counting,serial,nearly,10000,1,1,0.057,,,
Counting,serial,nearly,10000,1,2,0.058,,,
Counting,serial,nearly,10000,1,3,0.057,,,
Counting,serial,nearly,10000,1,4,0.076,,,
Counting,serial,nearly,10000,1,5,0.057,,,
Counting,serial-summary,nearly,10000,1,0,0.057,,,median
Counting,parallel,nearly,10000,2,1,0.386,0.149,0.074,
Counting,parallel,nearly,10000,2,2,0.391,0.147,0.073,
Counting,parallel,nearly,10000,2,3,0.506,0.114,0.057,
Counting,parallel,nearly,10000,2,4,0.407,0.141,0.070,
Counting,parallel,nearly,10000,2,5,0.489,0.118,0.059,
Counting,parallel,nearly,10000,4,1,0.440,0.130,0.033,
Counting,parallel,nearly,10000,4,2,0.422,0.136,0.034,
Counting,parallel,nearly,10000,4,3,0.434,0.132,0.033,
Counting,parallel,nearly,10000,4,4,0.419,0.137,0.034,
Counting,parallel,nearly,10000,4,5,0.458,0.125,0.031,
Counting,parallel,nearly,10000,8,1,0.458,0.125,0.016,
Counting,parallel,nearly,10000,8,2,0.532,0.108,0.013,
Counting,parallel,nearly,10000,8,3,0.565,0.102,0.013,
Counting,parallel,nearly,10000,8,4,0.609,0.094,0.012,
Counting,parallel,nearly,10000,8,5,0.502,0.114,0.014,
Counting,serial,nearly,50000,1,1,0.126,,,
Counting,serial,nearly,50000,1,2,0.113,,,
Counting,serial,nearly,50000,1,3,0.113,,,
Counting,serial,nearly,50000,1,4,0.130,,,
Counting,serial,nearly,50000,1,5,0.115,,,
Counting,serial-summary,nearly,50000,1,0,0.115,,,median
Counting,parallel,nearly,50000,2,1,0.737,0.155,0.078,
Counting,parallel,nearly,50000,2,2,0.763,0.150,0.075,
Counting,parallel,nearly,50000,2,3,0.730,0.157,0.078,
Counting,parallel,nearly,50000,2,4,0.730,0.157,0.078,
Counting,parallel,nearly,50000,2,5,0.800,0.143,0.072,
Counting,parallel,nearly,50000,4,1,0.964,0.119,0.030,
Counting,parallel,nearly,50000,4,2,0.954,0.120,0.030,
Counting,parallel,nearly,50000,4,3,1.213,0.094,0.024,
Counting,parallel,nearly,50000,4,4,1.175,0.097,0.024,
Counting,parallel,nearly,50000,4,5,0.998,0.115,0.029,
Counting,parallel,nearly,50000,8,1,1.411,0.081,0.010,
Counting,parallel,nearly,50000,8,2,1.376,0.083,0.010,
Counting,parallel,nearly,50000,8,3,1.380,0.083,0.010,
Counting,parallel,nearly,50000,8,4,1.494,0.077,0.010,
Counting,parallel,nearly,50000,8,5,1.317,0.087,0.011,
Counting,serial,nearly,100000,1,1,0.223,,,
Counting,serial,nearly,100000,1,2,0.226,,,
Counting,serial,nearly,100000,1,3,0.311,,,
Counting,serial,nearly,100000,1,4,0.349,,,
Counting,serial,nearly,100000,1,5,0.325,,,
Counting,serial-summary,nearly,100000,1,0,0.311,,,median
Counting,parallel,nearly,100000,2,1,1.283,0.242,0.121,
Counting,parallel,nearly,100000,2,2,1.273,0.244,0.122,
Counting,parallel,nearly,100000,2,3,1.254,0.248,0.124,
Counting,parallel,nearly,100000,2,4,1.279,0.243,0.121,
Counting,parallel,nearly,100000,2,5,1.673,0.186,0.093,
Counting,parallel,nearly,100000,4,1,1.543,0.201,0.050,
Counting,parallel,nearly,100000,4,2,2.650,0.117,0.029,
Counting,parallel,nearly,100000,4,3,1.588,0.196,0.049,
Counting,parallel,nearly,100000,4,4,1.526,0.204,0.051,
Counting,parallel,nearly,100000,4,5,1.601,0.194,0.049,
Counting,parallel,nearly,100000,8,1,2.354,0.132,0.016,
Counting,parallel,nearly,100000,8,2,2.687,0.116,0.014,
Counting,parallel,nearly,100000,8,3,2.576,0.121,0.015,
Counting,parallel,nearly,100000,8,4,2.889,0.108,0.013,
Counting,parallel,nearly,100000,8,5,2.781,0.112,0.014,
Counting,serial,dupes,10000,1,1,0.026,,,
Counting,serial,dupes,10000,1,2,0.024,,,
Counting,serial,dupes,10000,1,3,0.019,,,
Counting,serial,dupes,10000,1,4,0.023,,,
Counting,serial,dupes,10000,1,5,0.027,,,
Counting,serial-summary,dupes,10000,1,0,0.024,,,median
Counting,parallel,dupes,10000,2,1,0.639,0.037,0.019,
Counting,parallel,dupes,10000,2,2,0.635,0.038,0.019,
Counting,parallel,dupes,10000,2,3,0.533,0.045,0.022,
Counting,parallel,dupes,10000,2,4,0.538,0.044,0.022,
Counting,parallel,dupes,10000,2,5,0.526,0.045,0.023,
Counting,parallel,dupes,10000,4,1,0.566,0.042,0.011,
Counting,parallel,dupes,10000,4,2,0.554,0.043,0.011,
Counting,parallel,dupes,10000,4,3,0.503,0.047,0.012,
Counting,parallel,dupes,10000,4,4,0.582,0.041,0.010,
Counting,parallel,dupes,10000,4,5,0.549,0.044,0.011,
Counting,parallel,dupes,10000,8,1,0.489,0.049,0.006,
Counting,parallel,dupes,10000,8,2,0.481,0.050,0.006,
Counting,parallel,dupes,10000,8,3,0.748,0.032,0.004,
Counting,parallel,dupes,10000,8,4,0.969,0.025,0.003,
Counting,parallel,dupes,10000,8,5,0.550,0.043,0.005,
Counting,serial,dupes,50000,1,1,0.114,,,
Counting,serial,dupes,50000,1,2,0.116,,,
Counting,serial,dupes,50000,1,3,0.117,,,
Counting,serial,dupes,50000,1,4,0.116,,,
Counting,serial,dupes,50000,1,5,0.114,,,
Counting,serial-summary,dupes,50000,1,0,0.116,,,median
Counting,parallel,dupes,50000,2,1,0.551,0.211,0.106,
Counting,parallel,dupes,50000,2,2,0.615,0.189,0.094,
Counting,parallel,dupes,50000,2,3,0.628,0.185,0.093,
Counting,parallel,dupes,50000,2,4,0.707,0.164,0.082,
Counting,parallel,dupes,50000,2,5,0.871,0.133,0.067,
Counting,parallel,dupes,50000,4,1,0.659,0.176,0.044,
Counting,parallel,dupes,50000,4,2,0.778,0.149,0.037,
Counting,parallel,dupes,50000,4,3,0.793,0.147,0.037,
Counting,parallel,dupes,50000,4,4,0.614,0.189,0.047,
Counting,parallel,dupes,50000,4,5,0.708,0.164,0.041,
Counting,parallel,dupes,50000,8,1,0.561,0.207,0.026,
Counting,parallel,dupes,50000,8,2,0.766,0.152,0.019,
Counting,parallel,dupes,50000,8,3,0.687,0.169,0.021,
Counting,parallel,dupes,50000,8,4,0.627,0.185,0.023,
Counting,parallel,dupes,50000,8,5,0.668,0.174,0.022,
Counting,serial,dupes,100000,1,1,0.153,,,
Counting,serial,dupes,100000,1,2,0.146,,,
Counting,serial,dupes,100000,1,3,0.160,,,
Counting,serial,dupes,100000,1,4,0.158,,,
Counting,serial,dupes,100000,1,5,0.168,,,
Counting,serial-summary,dupes,100000,1,0,0.158,,,median
Counting,parallel,dupes,100000,2,1,0.943,0.167,0.084,
Counting,parallel,dupes,100000,2,2,0.875,0.180,0.090,
Counting,parallel,dupes,100000,2,3,0.926,0.170,0.085,
Counting,parallel,dupes,100000,2,4,0.913,0.173,0.086,
Counting,parallel,dupes,100000,2,5,1.078,0.146,0.073,
Counting,parallel,dupes,100000,4,1,0.835,0.189,0.047,
Counting,parallel,dupes,100000,4,2,0.864,0.182,0.046,
Counting,parallel,dupes,100000,4,3,0.825,0.191,0.048,
Counting,parallel,dupes,100000,4,4,0.799,0.197,0.049,
Counting,parallel,dupes,100000,4,5,0.989,0.160,0.040,
Counting,parallel,dupes,100000,8,1,0.910,0.173,0.022,
Counting,parallel,dupes,100000,8,2,0.731,0.216,0.027,
Counting,parallel,dupes,100000,8,3,0.809,0.195,0.024,
Counting,parallel,dupes,100000,8,4,0.744,0.212,0.026,
Counting,parallel,dupes,100000,8,5,0.825,0.191,0.024,
Merge,serial,random,10000,1,1,2.492,,,
Merge,serial,random,10000,1,2,1.421,,,
Merge,serial,random,10000,1,3,1.406,,,
Merge,serial,random,10000,1,4,1.358,,,
Merge,serial,random,10000,1,5,1.347,,,
Merge,serial-summary,random,10000,1,0,1.406,,,median
Merge,parallel,random,10000,2,1,1.207,1.165,0.583,
Merge,parallel,random,10000,2,2,1.173,1.198,0.599,
Merge,parallel,random,10000,2,3,1.257,1.118,0.559,
Merge,parallel,random,10000,2,4,1.183,1.188,0.594,
Merge,parallel,random,10000,2,5,1.240,1.134,0.567,
Merge,parallel,random,10000,4,1,1.176,1.195,0.299,
Merge,parallel,random,10000,4,2,1.237,1.136,0.284,
Merge,parallel,random,10000,4,3,1.192,1.179,0.295,
Merge,parallel,random,10000,4,4,1.227,1.146,0.287,
Merge,parallel,random,10000,4,5,1.169,1.202,0.301,
Merge,parallel,random,10000,8,1,1.230,1.143,0.143,
Merge,parallel,random,10000,8,2,1.250,1.125,0.141,
Merge,parallel,random,10000,8,3,1.327,1.059,0.132,
Merge,parallel,random,10000,8,4,1.218,1.154,0.144,
Merge,parallel,random,10000,8,5,1.639,0.858,0.107,
Merge,serial,random,50000,1,1,5.711,,,
Merge,serial,random,50000,1,2,5.380,,,
Merge,serial,random,50000,1,3,5.383,,,
Merge,serial,random,50000,1,4,7.259,,,
Merge,serial,random,50000,1,5,5.725,,,
Merge,serial-summary,random,50000,1,0,5.711,,,median
Merge,parallel,random,50000,2,1,7.072,0.808,0.404,
Merge,parallel,random,50000,2,2,6.259,0.913,0.456,
Merge,parallel,random,50000,2,3,5.956,0.959,0.479,
Merge,parallel,random,50000,2,4,6.234,0.916,0.458,
Merge,parallel,random,50000,2,5,5.985,0.954,0.477,
Merge,parallel,random,50000,4,1,6.310,0.905,0.226,
Merge,parallel,random,50000,4,2,5.243,1.089,0.272,
Merge,parallel,random,50000,4,3,6.270,0.911,0.228,
Merge,parallel,random,50000,4,4,5.819,0.982,0.245,
Merge,parallel,random,50000,4,5,5.513,1.036,0.259,
Merge,parallel,random,50000,8,1,7.488,0.763,0.095,
Merge,parallel,random,50000,8,2,6.500,0.879,0.110,
Merge,parallel,random,50000,8,3,5.671,1.007,0.126,
Merge,parallel,random,50000,8,4,5.910,0.966,0.121,
Merge,parallel,random,50000,8,5,6.215,0.919,0.115,
Merge,serial,random,100000,1,1,11.239,,,
Merge,serial,random,100000,1,2,11.496,,,
Merge,serial,random,100000,1,3,12.014,,,
Merge,serial,random,100000,1,4,11.804,,,
Merge,serial,random,100000,1,5,11.879,,,
Merge,serial-summary,random,100000,1,0,11.804,,,median
Merge,parallel,random,100000,2,1,8.532,1.383,0.692,
Merge,parallel,random,100000,2,2,8.402,1.405,0.702,
Merge,parallel,random,100000,2,3,5.862,2.014,1.007,
Merge,parallel,random,100000,2,4,5.677,2.079,1.040,
Merge,parallel,random,100000,2,5,4.593,2.570,1.285,
Merge,parallel,random,100000,4,1,4.362,2.706,0.677,
Merge,parallel,random,100000,4,2,4.039,2.922,0.731,
Merge,parallel,random,100000,4,3,4.189,2.818,0.704,
Merge,parallel,random,100000,4,4,4.159,2.838,0.710,
Merge,parallel,random,100000,4,5,3.763,3.137,0.784,
Merge,parallel,random,100000,8,1,3.574,3.303,0.413,
Merge,parallel,random,100000,8,2,3.912,3.017,0.377,
Merge,parallel,random,100000,8,3,3.887,3.037,0.380,
Merge,parallel,random,100000,8,4,3.424,3.448,0.431,
Merge,parallel,random,100000,8,5,3.340,3.534,0.442,
Merge,serial,reversed,10000,1,1,0.482,,,
Merge,serial,reversed,10000,1,2,0.602,,,
Merge,serial,reversed,10000,1,3,0.287,,,
Merge,serial,reversed,10000,1,4,0.285,,,
Merge,serial,reversed,10000,1,5,0.285,,,
Merge,serial-summary,reversed,10000,1,0,0.287,,,median
Merge,parallel,reversed,10000,2,1,0.472,0.607,0.304,
Merge,parallel,reversed,10000,2,2,0.578,0.496,0.248,
Merge,parallel,reversed,10000,2,3,0.417,0.687,0.343,
Merge,parallel,reversed,10000,2,4,0.383,0.748,0.374,
Merge,parallel,reversed,10000,2,5,0.606,0.473,0.237,
Merge,parallel,reversed,10000,4,1,0.470,0.610,0.153,
Merge,parallel,reversed,10000,4,2,0.672,0.426,0.107,
Merge,parallel,reversed,10000,4,3,0.639,0.449,0.112,
Merge,parallel,reversed,10000,4,4,0.424,0.676,0.169,
Merge,parallel,reversed,10000,4,5,0.399,0.718,0.179,
Merge,parallel,reversed,10000,8,1,0.302,0.948,0.119,
Merge,parallel,reversed,10000,8,2,0.411,0.697,0.087,
Merge,parallel,reversed,10000,8,3,0.328,0.875,0.109,
Merge,parallel,reversed,10000,8,4,0.393,0.730,0.091,
Merge,parallel,reversed,10000,8,5,0.285,1.005,0.126,
Merge,serial,reversed,50000,1,1,1.688,,,
Merge,serial,reversed,50000,1,2,1.638,,,
Merge,serial,reversed,50000,1,3,1.609,,,
Merge,serial,reversed,50000,1,4,1.605,,,
Merge,serial,reversed,50000,1,5,1.633,,,
Merge,serial-summary,reversed,50000,1,0,1.633,,,median
Merge,parallel,reversed,50000,2,1,0.681,2.398,1.199,
Merge,parallel,reversed,50000,2,2,0.965,1.693,0.846,
Merge,parallel,reversed,50000,2,3,1.012,1.613,0.807,
Merge,parallel,reversed,50000,2,4,0.810,2.016,1.008,
Merge,parallel,reversed,50000,2,5,0.711,2.295,1.148,
Merge,parallel,reversed,50000,4,1,0.699,2.337,0.584,
Merge,parallel,reversed,50000,4,2,0.690,2.366,0.591,
Merge,parallel,reversed,50000,4,3,0.742,2.202,0.550,
Merge,parallel,reversed,50000,4,4,0.700,2.333,0.583,
Merge,parallel,reversed,50000,4,5,0.962,1.698,0.425,
Merge,parallel,reversed,50000,8,1,0.905,1.805,0.226,
Merge,parallel,reversed,50000,8,2,0.823,1.984,0.248,
Merge,parallel,reversed,50000,8,3,0.695,2.348,0.294,
Merge,parallel,reversed,50000,8,4,0.897,1.820,0.227,
Merge,parallel,reversed,50000,8,5,0.693,2.357,0.295,
Merge,serial,reversed,100000,1,1,3.303,,,
Merge,serial,reversed,100000,1,2,5.124,,,
Merge,serial,reversed,100000,1,3,3.334,,,
Merge,serial,reversed,100000,1,4,3.348,,,
Merge,serial,reversed,100000,1,5,3.290,,,
Merge,serial-summary,reversed,100000,1,0,3.334,,,median
Merge,parallel,reversed,100000,2,1,1.085,3.073,1.537,
Merge,parallel,reversed,100000,2,2,1.411,2.362,1.181,
Merge,parallel,reversed,100000,2,3,1.068,3.123,1.561,
Merge,parallel,reversed,100000,2,4,1.104,3.019,1.509,
Merge,parallel,reversed,100000,2,5,1.028,3.244,1.622,
Merge,parallel,reversed,100000,4,1,1.027,3.244,0.811,
Merge,parallel,reversed,100000,4,2,1.006,3.314,0.828,
Merge,parallel,reversed,100000,4,3,0.988,3.373,0.843,
Merge,parallel,reversed,100000,4,4,1.388,2.402,0.601,
Merge,parallel,reversed,100000,4,5,1.098,3.036,0.759,
Merge,parallel,reversed,100000,8,1,1.339,2.489,0.311,
Merge,parallel,reversed,100000,8,2,1.380,2.416,0.302,
Merge,parallel,reversed,100000,8,3,1.537,2.170,0.271,
Merge,parallel,reversed,100000,8,4,1.154,2.888,0.361,
Merge,parallel,reversed,100000,8,5,1.128,2.955,0.369,
Merge,serial,nearly,10000,1,1,0.361,,,
Merge,serial,nearly,10000,1,2,0.331,,,
Merge,serial,nearly,10000,1,3,0.451,,,
Merge,serial,nearly,10000,1,4,0.384,,,
Merge,serial,nearly,10000,1,5,0.334,,,
Merge,serial-summary,nearly,10000,1,0,0.361,,,median
Merge,parallel,nearly,10000,2,1,0.771,0.468,0.234,
Merge,parallel,nearly,10000,2,2,0.686,0.526,0.263,
Merge,parallel,nearly,10000,2,3,0.648,0.557,0.279,
Merge,parallel,nearly,10000,2,4,0.651,0.555,0.277,
Merge,parallel,nearly,10000,2,5,0.774,0.467,0.233,
Merge,parallel,nearly,10000,4,1,0.740,0.488,0.122,
Merge,parallel,nearly,10000,4,2,0.737,0.490,0.123,
Merge,parallel,nearly,10000,4,3,0.720,0.502,0.126,
Merge,parallel,nearly,10000,4,4,0.652,0.554,0.138,
Merge,parallel,nearly,10000,4,5,0.696,0.519,0.130,
Merge,parallel,nearly,10000,8,1,0.670,0.539,0.067,
Merge,parallel,nearly,10000,8,2,0.679,0.532,0.066,
Merge,parallel,nearly,10000,8,3,0.628,0.575,0.072,
Merge,parallel,nearly,10000,8,4,0.649,0.557,0.070,
Merge,parallel,nearly,10000,8,5,0.713,0.507,0.063,
Merge,serial,nearly,50000,1,1,1.974,,,
Merge,serial,nearly,50000,1,2,1.886,,,
Merge,serial,nearly,50000,1,3,1.924,,,
Merge,serial,nearly,50000,1,4,1.908,,,
Merge,serial,nearly,50000,1,5,1.928,,,
Merge,serial-summary,nearly,50000,1,0,1.924,,,median
Merge,parallel,nearly,50000,2,1,1.084,1.775,0.888,
Merge,parallel,nearly,50000,2,2,1.079,1.783,0.892,
Merge,parallel,nearly,50000,2,3,1.206,1.595,0.797,
Merge,parallel,nearly,50000,2,4,1.080,1.781,0.891,
Merge,parallel,nearly,50000,2,5,1.104,1.743,0.871,
Merge,parallel,nearly,50000,4,1,1.132,1.700,0.425,
Merge,parallel,nearly,50000,4,2,1.103,1.745,0.436,
Merge,parallel,nearly,50000,4,3,1.185,1.623,0.406,
Merge,parallel,nearly,50000,4,4,1.240,1.551,0.388,
Merge,parallel,nearly,50000,4,5,1.067,1.803,0.451,
Merge,parallel,nearly,50000,8,1,1.205,1.596,0.200,
Merge,parallel,nearly,50000,8,2,1.151,1.672,0.209,
Merge,parallel,nearly,50000,8,3,2.117,0.909,0.114,
Merge,parallel,nearly,50000,8,4,1.585,1.214,0.152,
Merge,parallel,nearly,50000,8,5,1.338,1.438,0.180,
Merge,serial,nearly,100000,1,1,3.896,,,
Merge,serial,nearly,100000,1,2,4.306,,,
Merge,serial,nearly,100000,1,3,3.905,,,
Merge,serial,nearly,100000,1,4,3.893,,,
Merge,serial,nearly,100000,1,5,3.905,,,
Merge,serial-summary,nearly,100000,1,0,3.905,,,median
Merge,parallel,nearly,100000,2,1,2.286,1.708,0.854,
Merge,parallel,nearly,100000,2,2,2.246,1.738,0.869,
Merge,parallel,nearly,100000,2,3,1.775,2.201,1.100,
Merge,parallel,nearly,100000,2,4,1.812,2.156,1.078,
Merge,parallel,nearly,100000,2,5,1.907,2.048,1.024,
Merge,parallel,nearly,100000,4,1,1.675,2.332,0.583,
Merge,parallel,nearly,100000,4,2,1.573,2.483,0.621,
Merge,parallel,nearly,100000,4,3,1.686,2.317,0.579,
Merge,parallel,nearly,100000,4,4,1.569,2.489,0.622,
Merge,parallel,nearly,100000,4,5,1.759,2.221,0.555,
Merge,parallel,nearly,100000,8,1,1.945,2.008,0.251,
Merge,parallel,nearly,100000,8,2,1.710,2.284,0.286,
Merge,parallel,nearly,100000,8,3,1.652,2.364,0.295,
Merge,parallel,nearly,100000,8,4,1.660,2.352,0.294,
Merge,parallel,nearly,100000,8,5,1.828,2.137,0.267,
Merge,serial,dupes,10000,1,1,0.630,,,
Merge,serial,dupes,10000,1,2,0.632,,,
Merge,serial,dupes,10000,1,3,0.619,,,
Merge,serial,dupes,10000,1,4,0.629,,,
Merge,serial,dupes,10000,1,5,0.619,,,
Merge,serial-summary,dupes,10000,1,0,0.629,,,median
Merge,parallel,dupes,10000,2,1,0.721,0.873,0.436,
Merge,parallel,dupes,10000,2,2,0.717,0.877,0.438,
Merge,parallel,dupes,10000,2,3,0.589,1.068,0.534,
Merge,parallel,dupes,10000,2,4,0.542,1.161,0.581,
Merge,parallel,dupes,10000,2,5,0.496,1.267,0.634,
Merge,parallel,dupes,10000,4,1,0.550,1.143,0.286,
Merge,parallel,dupes,10000,4,2,0.662,0.949,0.237,
Merge,parallel,dupes,10000,4,3,0.565,1.113,0.278,
Merge,parallel,dupes,10000,4,4,0.513,1.226,0.307,
Merge,parallel,dupes,10000,4,5,0.800,0.786,0.197,
Merge,parallel,dupes,10000,8,1,0.579,1.086,0.136,
Merge,parallel,dupes,10000,8,2,0.523,1.201,0.150,
Merge,parallel,dupes,10000,8,3,0.714,0.880,0.110,
Merge,parallel,dupes,10000,8,4,0.625,1.006,0.126,
Merge,parallel,dupes,10000,8,5,0.573,1.097,0.137,
Merge,serial,dupes,50000,1,1,3.375,,,
Merge,serial,dupes,50000,1,2,3.326,,,
Merge,serial,dupes,50000,1,3,3.275,,,
Merge,serial,dupes,50000,1,4,3.252,,,
Merge,serial,dupes,50000,1,5,3.308,,,
Merge,serial-summary,dupes,50000,1,0,3.308,,,median
Merge,parallel,dupes,50000,2,1,1.416,2.336,1.168,
Merge,parallel,dupes,50000,2,2,1.112,2.976,1.488,
Merge,parallel,dupes,50000,2,3,1.063,3.111,1.555,
Merge,parallel,dupes,50000,2,4,1.079,3.065,1.533,
Merge,parallel,dupes,50000,2,5,1.113,2.973,1.486,
Merge,parallel,dupes,50000,4,1,1.090,3.036,0.759,
Merge,parallel,dupes,50000,4,2,1.169,2.829,0.707,
Merge,parallel,dupes,50000,4,3,1.164,2.841,0.710,
Merge,parallel,dupes,50000,4,4,1.096,3.017,0.754,
Merge,parallel,dupes,50000,4,5,1.194,2.770,0.693,
Merge,parallel,dupes,50000,8,1,1.146,2.886,0.361,
Merge,parallel,dupes,50000,8,2,1.343,2.463,0.308,
Merge,parallel,dupes,50000,8,3,1.154,2.865,0.358,
Merge,parallel,dupes,50000,8,4,1.146,2.888,0.361,
Merge,parallel,dupes,50000,8,5,2.056,1.609,0.201,
Merge,serial,dupes,100000,1,1,6.738,,,
Merge,serial,dupes,100000,1,2,7.126,,,
Merge,serial,dupes,100000,1,3,6.815,,,
Merge,serial,dupes,100000,1,4,6.704,,,
Merge,serial,dupes,100000,1,5,6.738,,,
Merge,serial-summary,dupes,100000,1,0,6.738,,,median
Merge,parallel,dupes,100000,2,1,1.776,3.794,1.897,
Merge,parallel,dupes,100000,2,2,1.890,3.566,1.783,
Merge,parallel,dupes,100000,2,3,1.822,3.699,1.850,
Merge,parallel,dupes,100000,2,4,1.785,3.776,1.888,
Merge,parallel,dupes,100000,2,5,1.882,3.581,1.790,
Merge,parallel,dupes,100000,4,1,1.989,3.387,0.847,
Merge,parallel,dupes,100000,4,2,2.040,3.303,0.826,
Merge,parallel,dupes,100000,4,3,2.185,3.084,0.771,
Merge,parallel,dupes,100000,4,4,1.811,3.720,0.930,
Merge,parallel,dupes,100000,4,5,1.694,3.977,0.994,
Merge,parallel,dupes,100000,8,1,1.886,3.573,0.447,
Merge,parallel,dupes,100000,8,2,2.102,3.205,0.401,
Merge,parallel,dupes,100000,8,3,1.892,3.562,0.445,
Merge,parallel,dupes,100000,8,4,1.766,3.816,0.477,
Merge,parallel,dupes,100000,8,5,1.897,3.552,0.444,
Quick,serial,random,10000,1,1,1.406,,,
Quick,serial,random,10000,1,2,1.364,,,
Quick,serial,random,10000,1,3,1.337,,,
Quick,serial,random,10000,1,4,1.366,,,
Quick,serial,random,10000,1,5,1.311,,,
Quick,serial-summary,random,10000,1,0,1.364,,,median
Quick,parallel,random,10000,2,1,0.911,1.497,0.748,
Quick,parallel,random,10000,2,2,0.950,1.436,0.718,
Quick,parallel,random,10000,2,3,0.988,1.381,0.690,
Quick,parallel,random,10000,2,4,1.011,1.348,0.674,
Quick,parallel,random,10000,2,5,0.970,1.406,0.703,
Quick,parallel,random,10000,4,1,0.956,1.426,0.356,
Quick,parallel,random,10000,4,2,1.047,1.302,0.326,
Quick,parallel,random,10000,4,3,0.984,1.387,0.347,
Quick,parallel,random,10000,4,4,0.951,1.433,0.358,
Quick,parallel,random,10000,4,5,0.939,1.452,0.363,
Quick,parallel,random,10000,8,1,0.903,1.511,0.189,
Quick,parallel,random,10000,8,2,0.888,1.537,0.192,
Quick,parallel,random,10000,8,3,1.058,1.289,0.161,
Quick,parallel,random,10000,8,4,0.967,1.410,0.176,
Quick,parallel,random,10000,8,5,1.388,0.983,0.123,
Quick,serial,random,50000,1,1,7.785,,,
Quick,serial,random,50000,1,2,7.492,,,
Quick,serial,random,50000,1,3,7.589,,,
Quick,serial,random,50000,1,4,7.894,,,
Quick,serial,random,50000,1,5,7.679,,,
Quick,serial-summary,random,50000,1,0,7.679,,,median
Quick,parallel,random,50000,2,1,4.694,1.636,0.818,
Quick,parallel,random,50000,2,2,5.229,1.469,0.734,
Quick,parallel,random,50000,2,3,5.074,1.514,0.757,
Quick,parallel,random,50000,2,4,5.215,1.472,0.736,
Quick,parallel,random,50000,2,5,4.433,1.732,0.866,
Quick,parallel,random,50000,4,1,6.877,1.117,0.279,
Quick,parallel,random,50000,4,2,3.875,1.982,0.495,
Quick,parallel,random,50000,4,3,4.948,1.552,0.388,
Quick,parallel,random,50000,4,4,4.314,1.780,0.445,
Quick,parallel,random,50000,4,5,4.729,1.624,0.406,
Quick,parallel,random,50000,8,1,4.543,1.690,0.211,
Quick,parallel,random,50000,8,2,4.299,1.786,0.223,
Quick,parallel,random,50000,8,3,4.063,1.890,0.236,
Quick,parallel,random,50000,8,4,3.774,2.035,0.254,
Quick,parallel,random,50000,8,5,3.302,2.325,0.291,
Quick,serial,random,100000,1,1,8.344,,,
Quick,serial,random,100000,1,2,8.291,,,
Quick,serial,random,100000,1,3,8.579,,,
Quick,serial,random,100000,1,4,8.171,,,
Quick,serial,random,100000,1,5,8.546,,,
Quick,serial-summary,random,100000,1,0,8.344,,,median
Quick,parallel,random,100000,2,1,6.013,1.388,0.694,
Quick,parallel,random,100000,2,2,5.706,1.462,0.731,
Quick,parallel,random,100000,2,3,6.552,1.274,0.637,
Quick,parallel,random,100000,2,4,6.250,1.335,0.668,
Quick,parallel,random,100000,2,5,6.046,1.380,0.690,
Quick,parallel,random,100000,4,1,5.656,1.475,0.369,
Quick,parallel,random,100000,4,2,4.030,2.071,0.518,
Quick,parallel,random,100000,4,3,5.326,1.567,0.392,
Quick,parallel,random,100000,4,4,4.736,1.762,0.440,
Quick,parallel,random,100000,4,5,5.259,1.587,0.397,
Quick,parallel,random,100000,8,1,5.310,1.571,0.196,
Quick,parallel,random,100000,8,2,4.881,1.709,0.214,
Quick,parallel,random,100000,8,3,4.097,2.037,0.255,
Quick,parallel,random,100000,8,4,3.846,2.170,0.271,
Quick,parallel,random,100000,8,5,3.072,2.716,0.340,
Quick,serial,reversed,10000,1,1,0.371,,,
Quick,serial,reversed,10000,1,2,0.369,,,
Quick,serial,reversed,10000,1,3,0.384,,,
Quick,serial,reversed,10000,1,4,0.397,,,
Quick,serial,reversed,10000,1,5,0.383,,,
Quick,serial-summary,reversed,10000,1,0,0.383,,,median
Quick,parallel,reversed,10000,2,1,0.378,1.015,0.507,
Quick,parallel,reversed,10000,2,2,0.343,1.118,0.559,
Quick,parallel,reversed,10000,2,3,0.306,1.253,0.627,
Quick,parallel,reversed,10000,2,4,0.277,1.381,0.691,
Quick,parallel,reversed,10000,2,5,0.307,1.246,0.623,
Quick,parallel,reversed,10000,4,1,0.331,1.157,0.289,
Quick,parallel,reversed,10000,4,2,0.397,0.966,0.241,
Quick,parallel,reversed,10000,4,3,0.352,1.090,0.272,
Quick,parallel,reversed,10000,4,4,0.454,0.844,0.211,
Quick,parallel,reversed,10000,4,5,0.326,1.175,0.294,
Quick,parallel,reversed,10000,8,1,0.280,1.368,0.171,
Quick,parallel,reversed,10000,8,2,0.265,1.444,0.181,
Quick,parallel,reversed,10000,8,3,0.252,1.523,0.190,
Quick,parallel,reversed,10000,8,4,0.275,1.393,0.174,
Quick,parallel,reversed,10000,8,5,0.236,1.619,0.202,
Quick,serial,reversed,50000,1,1,2.023,,,
Quick,serial,reversed,50000,1,2,1.980,,,
Quick,serial,reversed,50000,1,3,1.977,,,
Quick,serial,reversed,50000,1,4,1.938,,,
Quick,serial,reversed,50000,1,5,2.007,,,
Quick,serial-summary,reversed,50000,1,0,1.980,,,median
Quick,parallel,reversed,50000,2,1,16.961,0.117,0.058,
Quick,parallel,reversed,50000,2,2,2.288,0.865,0.433,
Quick,parallel,reversed,50000,2,3,1.716,1.154,0.577,
Quick,parallel,reversed,50000,2,4,2.310,0.857,0.429,
Quick,parallel,reversed,50000,2,5,2.736,0.724,0.362,
Quick,parallel,reversed,50000,4,1,1.890,1.047,0.262,
Quick,parallel,reversed,50000,4,2,2.003,0.988,0.247,
Quick,parallel,reversed,50000,4,3,1.777,1.115,0.279,
Quick,parallel,reversed,50000,4,4,1.582,1.252,0.313,
Quick,parallel,reversed,50000,4,5,1.730,1.145,0.286,
Quick,parallel,reversed,50000,8,1,1.791,1.106,0.138,
Quick,parallel,reversed,50000,8,2,1.795,1.103,0.138,
Quick,parallel,reversed,50000,8,3,1.453,1.363,0.170,
Quick,parallel,reversed,50000,8,4,1.134,1.746,0.218,
Quick,parallel,reversed,50000,8,5,1.232,1.607,0.201,
Quick,serial,reversed,100000,1,1,4.035,,,
Quick,serial,reversed,100000,1,2,4.006,,,
Quick,serial,reversed,100000,1,3,4.134,,,
Quick,serial,reversed,100000,1,4,4.027,,,
Quick,serial,reversed,100000,1,5,4.134,,,
Quick,serial-summary,reversed,100000,1,0,4.035,,,median
Quick,parallel,reversed,100000,2,1,1.486,2.714,1.357,
Quick,parallel,reversed,100000,2,2,1.307,3.087,1.544,
Quick,parallel,reversed,100000,2,3,1.366,2.953,1.476,
Quick,parallel,reversed,100000,2,4,1.281,3.150,1.575,
Quick,parallel,reversed,100000,2,5,1.696,2.379,1.190,
Quick,parallel,reversed,100000,4,1,1.135,3.555,0.889,
Quick,parallel,reversed,100000,4,2,1.286,3.139,0.785,
Quick,parallel,reversed,100000,4,3,1.301,3.101,0.775,
Quick,parallel,reversed,100000,4,4,1.337,3.017,0.754,
Quick,parallel,reversed,100000,4,5,1.663,2.426,0.606,
Quick,parallel,reversed,100000,8,1,1.580,2.553,0.319,
Quick,parallel,reversed,100000,8,2,1.285,3.139,0.392,
Quick,parallel,reversed,100000,8,3,1.831,2.204,0.275,
Quick,parallel,reversed,100000,8,4,1.653,2.441,0.305,
Quick,parallel,reversed,100000,8,5,1.542,2.616,0.327,
Quick,serial,nearly,10000,1,1,0.383,,,
Quick,serial,nearly,10000,1,2,0.384,,,
Quick,serial,nearly,10000,1,3,0.396,,,
Quick,serial,nearly,10000,1,4,0.388,,,
Quick,serial,nearly,10000,1,5,0.393,,,
Quick,serial-summary,nearly,10000,1,0,0.388,,,median
Quick,parallel,nearly,10000,2,1,0.463,0.839,0.419,
Quick,parallel,nearly,10000,2,2,0.539,0.721,0.360,
Quick,parallel,nearly,10000,2,3,0.494,0.785,0.393,
Quick,parallel,nearly,10000,2,4,0.662,0.586,0.293,
Quick,parallel,nearly,10000,2,5,0.450,0.862,0.431,
Quick,parallel,nearly,10000,4,1,0.702,0.553,0.138,
Quick,parallel,nearly,10000,4,2,0.525,0.739,0.185,
Quick,parallel,nearly,10000,4,3,0.441,0.879,0.220,
Quick,parallel,nearly,10000,4,4,0.452,0.858,0.214,
Quick,parallel,nearly,10000,4,5,0.659,0.589,0.147,
Quick,parallel,nearly,10000,8,1,0.481,0.807,0.101,
Quick,parallel,nearly,10000,8,2,0.564,0.688,0.086,
Quick,parallel,nearly,10000,8,3,0.512,0.758,0.095,
Quick,parallel,nearly,10000,8,4,0.595,0.653,0.082,
Quick,parallel,nearly,10000,8,5,0.594,0.653,0.082,
Quick,serial,nearly,50000,1,1,2.108,,,
Quick,serial,nearly,50000,1,2,2.092,,,
Quick,serial,nearly,50000,1,3,2.003,,,
Quick,serial,nearly,50000,1,4,2.033,,,
Quick,serial,nearly,50000,1,5,2.083,,,
Quick,serial-summary,nearly,50000,1,0,2.083,,,median
Quick,parallel,nearly,50000,2,1,1.423,1.464,0.732,
Quick,parallel,nearly,50000,2,2,1.504,1.385,0.693,
Quick,parallel,nearly,50000,2,3,1.816,1.147,0.574,
Quick,parallel,nearly,50000,2,4,1.248,1.669,0.834,
Quick,parallel,nearly,50000,2,5,1.178,1.769,0.885,
Quick,parallel,nearly,50000,4,1,1.112,1.873,0.468,
Quick,parallel,nearly,50000,4,2,1.104,1.886,0.472,
Quick,parallel,nearly,50000,4,3,1.516,1.374,0.343,
Quick,parallel,nearly,50000,4,4,1.066,1.955,0.489,
Quick,parallel,nearly,50000,4,5,1.187,1.755,0.439,
Quick,parallel,nearly,50000,8,1,1.362,1.530,0.191,
Quick,parallel,nearly,50000,8,2,1.502,1.387,0.173,
Quick,parallel,nearly,50000,8,3,1.627,1.280,0.160,
Quick,parallel,nearly,50000,8,4,1.288,1.617,0.202,
Quick,parallel,nearly,50000,8,5,1.295,1.609,0.201,
Quick,serial,nearly,100000,1,1,4.155,,,
Quick,serial,nearly,100000,1,2,4.223,,,
Quick,serial,nearly,100000,1,3,4.124,,,
Quick,serial,nearly,100000,1,4,4.194,,,
Quick,serial,nearly,100000,1,5,4.142,,,
Quick,serial-summary,nearly,100000,1,0,4.155,,,median
Quick,parallel,nearly,100000,2,1,2.099,1.980,0.990,
Quick,parallel,nearly,100000,2,2,3.039,1.367,0.684,
Quick,parallel,nearly,100000,2,3,3.068,1.355,0.677,
Quick,parallel,nearly,100000,2,4,3.352,1.240,0.620,
Quick,parallel,nearly,100000,2,5,3.940,1.055,0.527,
Quick,parallel,nearly,100000,4,1,2.333,1.781,0.445,
Quick,parallel,nearly,100000,4,2,2.015,2.062,0.515,
Quick,parallel,nearly,100000,4,3,1.881,2.209,0.552,
Quick,parallel,nearly,100000,4,4,1.927,2.157,0.539,
Quick,parallel,nearly,100000,4,5,1.980,2.099,0.525,
Quick,parallel,nearly,100000,8,1,2.039,2.038,0.255,
Quick,parallel,nearly,100000,8,2,2.031,2.046,0.256,
Quick,parallel,nearly,100000,8,3,1.858,2.236,0.280,
Quick,parallel,nearly,100000,8,4,2.373,1.751,0.219,
Quick,parallel,nearly,100000,8,5,1.902,2.184,0.273,
Quick,serial,dupes,10000,1,1,5.466,,,
Quick,serial,dupes,10000,1,2,5.486,,,
Quick,serial,dupes,10000,1,3,5.447,,,
Quick,serial,dupes,10000,1,4,5.383,,,
Quick,serial,dupes,10000,1,5,5.635,,,
Quick,serial-summary,dupes,10000,1,0,5.466,,,median
Quick,parallel,dupes,10000,2,1,0.430,12.702,6.351,
Quick,parallel,dupes,10000,2,2,0.642,8.511,4.255,
Quick,parallel,dupes,10000,2,3,0.668,8.183,4.092,
Quick,parallel,dupes,10000,2,4,0.899,6.078,3.039,
Quick,parallel,dupes,10000,2,5,0.465,11.762,5.881,
Quick,parallel,dupes,10000,4,1,0.503,10.875,2.719,
Quick,parallel,dupes,10000,4,2,0.492,11.116,2.779,
Quick,parallel,dupes,10000,4,3,0.405,13.512,3.378,
Quick,parallel,dupes,10000,4,4,0.359,15.208,3.802,
Quick,parallel,dupes,10000,4,5,0.474,11.528,2.882,
Quick,parallel,dupes,10000,8,1,0.386,14.174,1.772,
Quick,parallel,dupes,10000,8,2,0.413,13.244,1.655,
Quick,parallel,dupes,10000,8,3,0.399,13.685,1.711,
Quick,parallel,dupes,10000,8,4,0.458,11.923,1.490,
Quick,parallel,dupes,10000,8,5,0.397,13.774,1.722,
Quick,serial,dupes,50000,1,1,134.479,,,
Quick,serial,dupes,50000,1,2,133.785,,,
Quick,serial,dupes,50000,1,3,138.476,,,
Quick,serial,dupes,50000,1,4,134.917,,,
Quick,serial,dupes,50000,1,5,137.682,,,
Quick,serial-summary,dupes,50000,1,0,134.917,,,median
Quick,parallel,dupes,50000,2,1,1.028,131.280,65.640,
Quick,parallel,dupes,50000,2,2,1.492,90.451,45.225,
Quick,parallel,dupes,50000,2,3,1.267,106.451,53.226,
Quick,parallel,dupes,50000,2,4,1.301,103.742,51.871,
Quick,parallel,dupes,50000,2,5,1.299,103.886,51.943,
Quick,parallel,dupes,50000,4,1,1.206,111.843,27.961,
Quick,parallel,dupes,50000,4,2,1.356,99.467,24.867,
Quick,parallel,dupes,50000,4,3,1.485,90.871,22.718,
Quick,parallel,dupes,50000,4,4,1.360,99.189,24.797,
Quick,parallel,dupes,50000,4,5,1.451,93.007,23.252,
Quick,parallel,dupes,50000,8,1,1.230,109.724,13.715,
Quick,parallel,dupes,50000,8,2,1.484,90.908,11.364,
Quick,parallel,dupes,50000,8,3,1.888,71.441,8.930,
Quick,parallel,dupes,50000,8,4,1.414,95.422,11.928,
Quick,parallel,dupes,50000,8,5,1.255,107.495,13.437,
Quick,serial,dupes,100000,1,1,550.463,,,
Quick,serial,dupes,100000,1,2,550.738,,,
Quick,serial,dupes,100000,1,3,545.301,,,
Quick,serial,dupes,100000,1,4,532.444,,,
Quick,serial,dupes,100000,1,5,538.263,,,
Quick,serial-summary,dupes,100000,1,0,545.301,,,median
Quick,parallel,dupes,100000,2,1,1.705,319.787,159.894,
Quick,parallel,dupes,100000,2,2,1.554,350.879,175.439,
Quick,parallel,dupes,100000,2,3,1.428,381.757,190.878,
Quick,parallel,dupes,100000,2,4,1.544,353.243,176.621,
Quick,parallel,dupes,100000,2,5,1.560,349.597,174.798,
Quick,parallel,dupes,100000,4,1,1.390,392.246,98.062,
Quick,parallel,dupes,100000,4,2,1.872,291.340,72.835,
Quick,parallel,dupes,100000,4,3,1.501,363.267,90.817,
Quick,parallel,dupes,100000,4,4,1.470,371.054,92.764,
Quick,parallel,dupes,100000,4,5,1.870,291.636,72.909,
Quick,parallel,dupes,100000,8,1,1.932,282.262,35.283,
Quick,parallel,dupes,100000,8,2,1.893,288.123,36.015,
Quick,parallel,dupes,100000,8,3,1.834,297.280,37.160,
Quick,parallel,dupes,100000,8,4,2.064,264.196,33.025,
Quick,parallel,dupes,100000,8,5,1.827,298.501,37.313,
